Name ,Abbrev ,Status ,Fall ,Year ,Place ,Type ,Mass,MetBull ,Antarctic 
Murchison **,,Official,Y,1969,"Victoria, Australia",CM2,100000 g,48,
Aguas Zarcas **,,Official,Yc,2019,"Alajuela, Costa Rica",CM2,27000 g,108,
Murray **,,Official,Y,1950,"Kentucky, USA",CM2,12600 g,8,
Mighei,,Official,Y,1889,"Nikolayev, Ukraine",CM2,8000 g,,
Jbilet Winselwan **,,Official,,2013,"Saguia el Hamra, Western Sahara",CM2,6000 g,102,
Cold Bokkeveld,,Official,Y,1838,"Western Cape, South Africa",CM2,5200 g,,
Nogoya,,Official,Y,1879,"Entre Rios, Argentina",CM2,4000 g,,
Allan Hills 83100 **,ALH 83100,Official,,1983,Antarctica,CM1/2,3020 g,76,7(1)   ANSMET
Lonewolf Nunataks 94101 **,LON 94101,Official,,1994,Antarctica,CM2,2800 g,79,18(2)   ANSMET
Kolang **,,Official,Yc,2020,"Sumatera Utara, Indonesia",CM1/2,2550 g,109,
Mukundpura **,,Official,Yc,2017,"Rajasthan, India",CM2,2000 g,107,
Shidian **,,Official,Yc,2017,"Yunnan, China",CM2,1809 g,113,
Allan Hills 83102 **,ALH 83102,Official,,1983,Antarctica,CM2,1786 g,76,8(1)   ANSMET
Paris **,,Official,,2001,(unknown),CM,1370 g,97,
Boriskino,,Official,Y,1930,"Orenburgskaya oblast', Russia",CM2,1342 g,,
Northwest Africa 16085 **,NWA 16085,Official,,2022,(Northwest Africa),CM2,1128 g,113,
Tanezrouft 082 **,Tnz 082,Official,,2003,"Adrar, Algeria",CM2,1012 g,89,
Lonewolf Nunataks 94102 **,LON 94102,Official,,1994,Antarctica,CM2,942 g,79,18(2)   ANSMET
Northwest Africa 12917 **,NWA 12917,Official,,2019,(Northwest Africa),CM2,910 g,108,
Elephant Moraine 96029 **,EET 96029,Official,,1996,Antarctica,CM2,843 g,82,21(1)   ANSMET
Abadla 002 **,,Official,,2022,"Bechar, Algeria",CM2,800 g,111,
Northwest Africa 15523 **,NWA 15523,Official,,2022,(Northwest Africa),CM2,780 g,112,
Acfer 331 **,,Official,,2001,"Tamanghasset, Algeria",CM2,750 g,87,
Northwest Africa 14316 **,NWA 14316,Official,,2018,(Northwest Africa),CM2,712 g,110,
Northwest Africa 17406 **,NWA 17406,Official,,2025,(Northwest Africa),CM2,700 g,114†,
Moapa Valley **,,Official,,2004,"Nevada, USA",CM1,699 g,96,
Banten **,,Official,Y,1933,"Jawa Barat, Indonesia",CM2,629 g,57,
Winchcombe **,,Official,Yc,2021,"England, UK",CM2,602 g,110,
El Atchane 020 **,,Official,,2021,"Ouargla, Algeria",CM2,600 g,110,
Northwest Africa 17098 **,NWA 17098,Official,,2023,Algeria,CM2,579 g,113,
Northwest Africa 16452 **,NWA 16452,Official,,2023,Algeria,CM2,500 g,113,
Northwest Africa 5797,NWA 5797,Official,,2009,(Northwest Africa),CM2,495 g,97,
Northwest Africa 17588 **,NWA 17588,Official,,2025,Algeria,CM2,462 g,114†,
Szabo Bluff 12431 **,SZA 12431,Official,,2012,Antarctica,CM2,443 g,102,36(2)   ANSMET
Sayama **,,Official,Y,1986,"Kanto, Japan",CM2,430 g,85,
Dhofar 735 **,Dho 735,Official,,2002,"Zufar, Oman",CM2,381 g,87,
Yamato 793321,Y-793321,Official,,1979 or 1980,Antarctica,CM2,380 g,,J1(1)   NIPR
Northwest Africa 11086 **,NWA 11086,Official,,2016,Morocco,CM-an,373 g,106,
Northwest Africa 12651 **,NWA 12651,Official,,2015,Morocco,CM,365 g,108,
Northwest Africa 14113 **,NWA 14113,Official,,2021,Algeria,CM2,350 g,110,
Northwest Africa 11179 **,NWA 11179,Official,,2015,Morocco,CM2,338 g,106,
Northwest Africa 10574 **,NWA 10574,Official,,2016,(Northwest Africa),CM2,324 g,105,
Haripura,,Official,Y,1921,"Rajasthan, India",CM2,315 g,,
Northwest Africa 15811 **,NWA 15811,Official,,2023,(Northwest Africa),CM2,302 g,112,
Lewis Cliff 90500 **,LEW 90500,Official,,1990,Antarctica,CM2,295 g,76,14(2)   ANSMET
Northwest Africa 15739 **,NWA 15739,Official,,2022,Algeria,CM2,294 g,112,
Pollen,,Official,Y,1942,"Nordland, Norway",CM2,254 g,,
Miller Range 15031 **,MIL 15031,Official,,2015,Antarctica,CM2,237 g,106,40(1)   ANSMET
Yamato 982086,Y-982086,Official,,1998,Antarctica,CM2,225 g,99,J20   NIPR
Northwest Africa 11118 **,NWA 11118,Official,,2016,Western Sahara,CM2,222 g,106,
Northwest Africa 12184 **,NWA 12184,Official,,2018,(Northwest Africa),CM2,220 g,107,
Zaouatallaz 001 **,,Official,,2024,"Tamanghasset, Algeria",CM1,205 g,113,
Graves Nunataks 98005 **,GRA 98005,Official,,1998,Antarctica,CM2,203 g,84,22(2)   ANSMET
Lewis Cliff 85311 **,LEW 85311,Official,,1985,Antarctica,CM2-an,199.5 g,76,9(3)   ANSMET
Northwest Africa 16301 **,NWA 16301,Official,,2022,(Northwest Africa),CM2,197 g,112,
Miller Range 13005 **,MIL 13005,Official,,2013,Antarctica,CM1-2,192.7 g,104,38(2)   ANSMET
Elephant Moraine 14068 **,EET 14068,Official,,2014,Antarctica,CM2,185.6 g,107,  KOREAMET
Wisconsin Range 91600 **,WIS 91600,Official,,1991,Antarctica,CM-an,184.1 g,76,16(1)   ANSMET
Yamato 791198,Y-791198,Official,,1979,Antarctica,CM2,179.8 g,,  NIPR
MacAlpine Hills 88100 **,MAC 88100,Official,,1988,Antarctica,CM2,177.3 g,76,12(3)   ANSMET
Northwest Africa 13643 **,NWA 13643,Official,,2020,(Northwest Africa),CM2,170 g,110,
Kivesvaara **,,Official,,1968,"Oulu, Finland",CM2,164 g,59,
Yamato 74662,Y-74662,Official,,1974,Antarctica,CM2,150.9 g,,J3(1)   NIPR
Allan Hills 84044 **,ALH 84044,Official,,1984,Antarctica,CM2,147.4 g,76,8(2)   ANSMET
Tinina 001 **,,Official,,2023,"Sawfajjin, Libya",CM2,140 g,114†,
Elephant Moraine 15007 **,EET 15007,Official,,2015,"Antarctica, Antarctica",CM2,134.6 g,113,  KOREAMET
Elephant Moraine 96016,EET 96016,Official,,1996,Antarctica,CM2,132.1 g,82,21(1)   ANSMET
LaPaz Icefield 02333 **,LAP 02333,Official,,2002,Antarctica,CM2,131.4 g,88,26(2)   ANSMET
Northwest Africa 11322 **,NWA 11322,Official,,2017,(Northwest Africa),CM1/2,130.6 g,106,
Allan Hills 85013 **,ALH 85013,Official,,1985,Antarctica,CM2,130.4 g,76,9(3)   ANSMET
Northwest Africa 6976 **,NWA 6976,Official,,2011,(Northwest Africa),CM2,128 g,108,
Qued Mya 002 **,,Official,,2020,"Ouargla, Algeria",CM2,127.4 g,110,
Dominion Range 03183 **,DOM 03183,Official,,2003,Antarctica,CM2,124.5 g,89,28(1)   ANSMET
Asuka 12437 **,A 12437,Official,,2012,Antarctica,CM,123.4 g,105,J26   NIPR-RBINS
Allan Hills 84029 **,ALH 84029,Official,,1984,Antarctica,CM2,119.8 g,76,8(2)   ANSMET
Asuka 09474,A 09474,Official,,2009,Antarctica,CM,119.2 g,103,J23   NIPR-RBINS
Erakot,,Official,Y,1940,"Madhya Pradesh, India",CM2,113 g,,
Northwest Africa 10853 **,NWA 10853,Official,,2016,(Northwest Africa),CM1,109.3 g,105,
Dominion Range 08003 **,DOM 08003,Official,,2008,Antarctica,CM2,109 g,98,33(1)   ANSMET
Nawapali,,Official,Y,1890,"Orissa, India",CM2,105 g,,
Northwest Africa 15552 **,NWA 15552,Official,,2021,(Northwest Africa),CM2,104.3 g,112,
Northwest Africa 16239 **,NWA 16239,Official,,2023,(Northwest Africa),CM2,101 g,112,
Daoura 003 **,,Official,,2021,"Bechar, Algeria",CM2,101 g,110,
Dar al Gani 557,DaG 557,Official,,1997,"Al Jufrah, Libya",CM2,97 g,83,
Elephant Moraine 15091 **,EET 15091,Official,,2015,"Antarctica, Antarctica",CM2,95.9 g,113,  KOREAMET
LaPaz Icefield 03718 **,LAP 03718,Official,,2003,Antarctica,CM2,95.2 g,89,28(1)   ANSMET
Northwest Africa 17272 **,NWA 17272,Official,,2024,Algeria,CM2,95 g,114†,
Yamato 82098,Y-82098,Official,,1982 or 1983,Antarctica,CM2,94.5 g,,  NIPR
Asuka 12236,A 12236,Official,,2012,Antarctica,CM,93.7 g,107,J26   NIPR-RBINS
Dhofar 225 **,Dho 225,Official,,2001,"Zufar, Oman",CM-an,90 g,86,
Roberts Massif 04260 **,RBT 04260,Official,,2004,Antarctica,CM2,86.3 g,92,30(1)   ANSMET
LaPaz Icefield 02336 **,LAP 02336,Official,,2002,Antarctica,CM2,85.6 g,89,27(3)   ANSMET
Northwest Africa 17266 **,NWA 17266,Official,,2024,(Northwest Africa),CM2,85 g,113,
Cochabamba,,Official,,,Bolivia?,CM2,85 g,,
Northwest Africa 8157 **,NWA 8157,Official,,2011,(Northwest Africa),CM2,82 g,102,
Allan Hills 85007 **,ALH 85007,Official,,1985,Antarctica,CM2,82 g,76,9(3)   ANSMET
Northwest Africa 16097 **,NWA 16097,Official,,2023,(Northwest Africa),CM2,80 g,112,
Elephant Moraine 15062 **,EET 15062,Official,,2015,"Antarctica, Antarctica",CM2,78.9 g,113,  KOREAMET
Crescent,,Official,Y,1936,"Oklahoma, USA",CM2,78.4 g,,
Yamato 82054,Y-82054,Official,,1982,Antarctica,CM2,76.3 g,,  NIPR
Northwest Africa 14319 **,NWA 14319,Official,,2021,Morocco,CM2,76 g,110,
Northwest Africa 11699 **,NWA 11699,Official,,2017,(Northwest Africa),CM2,75.6 g,107,
Abadla 003 **,,Official,,2022,"Bechar, Algeria",CM2,75.4 g,111,
Lewis Cliff 87022 **,LEW 87022,Official,,1987,Antarctica,CM2,75.4 g,76,11(2)   ANSMET
Northwest Africa 17518 **,NWA 17518,Official,,2024,(Northwest Africa),CM2,74.2 g,114†,
Northwest Africa 15232 **,NWA 15232,Official,,2022,(Northwest Africa),CM2,74 g,111,
Northwest Africa 10834 **,NWA 10834,Official,,2016,(Northwest Africa),CM1/2,71 g,105,
Pecora Escarpment 02010 **,PCA 02010,Official,,2002,Antarctica,CM2,70.8 g,88,26(2)   ANSMET
Yamato 791191,Y-791191,Official,,1979,Antarctica,CM2,70.1 g,,  NIPR
Elephant Moraine 87522 **,EET 87522,Official,,1987,Antarctica,CM2,68.6 g,76,11(2)   ANSMET
Diepenveen **,,Official,Yp,1873,"Overijssel, Netherlands",CM2-an,68.4 g,104,
Miller Range 07700 **,MIL 07700,Official,,2007,Antarctica,CM2,67.6 g,96,31(2)   ANSMET
Queen Alexandra Range 97990 **,QUE 97990,Official,,1997,Antarctica,CM2,67.3 g,85,23(2)   ANSMET
Northwest Africa 1758,NWA 1758,Official,,2001,(Northwest Africa),CM2,66.4 g,87,
Outer Recovery Icefields 19139 **,OUT 19139,Official,,2020,Antarctica,CM2,65.4 g,113,  LostMets-UK
Northwest Africa 5037 **,NWA 5037,Official,,2007,(Northwest Africa),CM2,65 g,110,
Northwest Africa 8267 **,NWA 8267,Official,,2014,(Northwest Africa),CM2,64.3 g,104,
Yamato 984044,Y-984044,Official,,1998,Antarctica,CM,62.2 g,101,J21   NIPR
Allan Hills 84033 **,ALH 84033,Official,,1984,Antarctica,CM2,60.4 g,76,8(2)   ANSMET
MacKay Glacier 05230 **,MCY 05230,Official,,2005,Antarctica,CM2,60.1 g,92,29(2)   ANSMET
Santa Cruz,,Official,Y,1939,"Tamaulipas, Mexico",CM2,60 g,,
Northwest Africa 8534 **,NWA 8534,Official,,2014,(Northwest Africa),CM1/2,60 g,103,
Yamato 86695,Y-86695,Official,,1986,Antarctica,CM2,59.6 g,,  NIPR
Pecora Escarpment 02012 **,PCA 02012,Official,,2002,Antarctica,CM2,58.9 g,88,27(1)   ANSMET
Dominion Range 19019 **,DOM 19019,Official,,2019,Antarctica,CM2,58.5 g,110,44(2)   ANSMET
Northwest Africa 11965 **,NWA 11965,Official,,2018,(Northwest Africa),CM2,57.3 g,107,
Northwest Africa 16355 **,NWA 16355,Official,,2023,(Northwest Africa),CM2,57 g,112,
Asuka 881458,A-881458,Official,,1988,Antarctica,CM2,56.8 g,,J13(1)   NIPR
Northwest Africa 7306 **,NWA 7306,Official,,2011,(Northwest Africa),CM-an,54.7 g,102,
Lewis Cliff 85309 **,LEW 85309,Official,,1985,Antarctica,CM2-an,54.1 g,76,9(3)   ANSMET
Northwest Africa 14991 **,NWA 14991,Official,,2021,(Northwest Africa),CM2,54 g,111,
El-Quss Abu Said **,,Official,,1999,"Al Wadi al Jadid, Egypt",CM2,53.1 g,84,
Grosvenor Mountains 17004 **,GRO 17004,Official,,2017,Antarctica,CM2,52.9 g,107,41(2)   ANSMET
Asuka 12248,A 12248,Official,,2012,Antarctica,CM,52.9 g,107,J26   NIPR-RBINS
Northwest Africa 6908 **,NWA 6908,Official,,2010,Western Sahara,CM2,52.7 g,102,
Graves Nunataks 98074 **,GRA 98074,Official,,1998,Antarctica,CM2,51.9 g,84,23(1)   ANSMET
Pecora Escarpment 91008 **,PCA 91008,Official,,1991,Antarctica,CM2-an,51.7 g,76,15(2)   ANSMET
Northwest Africa 8060 **,NWA 8060,Official,,2013,(Northwest Africa),CM2,51.4 g,104,
Allan Hills 84042 **,ALH 84042,Official,,1984,Antarctica,CM2,51.3 g,76,8(2)   ANSMET
Grosvenor Mountains 95566 **,GRO 95566,Official,,1995,Antarctica,CM-an,50.7 g,82,20(1)   ANSMET
Northwest Africa 17407 **,NWA 17407,Official,,2025,(Northwest Africa),CM2,50 g,114†,
El Atchane 019 **,,Official,,2020,"Ouargla, Algeria",CM2,50 g,110,
Smeïra 001 **,,Official,,2021,"Tindouf, Algeria",CM2,49.2 g,110,
Northwest Africa 8300 **,NWA 8300,Official,,2013,Morocco,CM2,48.9 g,103,
Asuka 881280,A-881280,Official,,1988,Antarctica,CM2,48.5 g,,J13(1)   NIPR
Yamato 793595,Y-793595,Official,,1979,Antarctica,CM2,48.2 g,,  NIPR
Scott Glacier 06014 **,SCO 06014,Official,,2006,Antarctica,CM2,48.2 g,94,31(1)   ANSMET
Thiel Mountains 91722 **,TIL 91722,Official,,1991,Antarctica,CM2,47.4 g,76,16(1)   ANSMET
D'Angelo Bluff 06004 **,DNG 06004,Official,,2006,Antarctica,CM2,47.4 g,94,30(2)   ANSMET
Thiel Mountains 08007 **,TIL 08007,Official,,2008,Antarctica,CM2,47 g,105,  KOREAMET
Northwest Africa 11346 **,NWA 11346,Official,,2016,(Northwest Africa),CM-an,46.9 g,106,
Allan Hills 85009 **,ALH 85009,Official,,1985,Antarctica,CM2,46.6 g,76,9(3)   ANSMET
Miller Range 05152 **,MIL 05152,Official,,2005,Antarctica,CM2,46.6 g,92,29(2)   ANSMET
Northwest Africa 11345 **,NWA 11345,Official,,2016,(Northwest Africa),CM2,46 g,106,
Northwest Africa 8228 **,NWA 8228,Official,,2013,(Northwest Africa),CM2,45 g,104,
Dhofar 1994 **,Dho 1994,Official,,2010,"Zufar, Oman",CM2,45 g,104,
Lewis Cliff 88001 **,LEW 88001,Official,,1988,Antarctica,CM2,44.9 g,76,13(2)   ANSMET
Allan Hills 84034 **,ALH 84034,Official,,1984,Antarctica,CM2,44.1 g,76,8(2)   ANSMET
LaPaz Icefield 03785 **,LAP 03785,Official,,2003,Antarctica,CM2,43.4 g,89,28(1)   ANSMET
Northwest Africa 12328 **,NWA 12328,Official,,2017,(Northwest Africa),CM1,43.2 g,107,
MacKay Glacier 12002 **,MCY 12002,Official,,2013,Antarctica,CM2,42.6 g,112,  PNRA
Lewis Cliff 87148 **,LEW 87148,Official,,1987,Antarctica,CM2,42.5 g,76,12(1)   ANSMET
Elephant Moraine 96006 **,EET 96006,Official,,1996,Antarctica,CM2,42.2 g,82,21(1)   ANSMET
Northwest Africa 15298 **,NWA 15298,Official,,2022,(Northwest Africa),CM2,42 g,111,
Dhofar 1434 **,Dho 1434,Official,,2007,"Zufar, Oman",CM-an,42 g,95,
Miller Range 11111 **,MIL 11111,Official,,2011,Antarctica,CM1/2,41.9 g,101,35(2)   ANSMET
Asuka 10014,A 10014,Official,,2010,Antarctica,CM,41.6 g,103,J23   NIPR-RBINS
Meteorite Hills 01070 **,MET 01070,Official,,2001,Antarctica,CM1,40.6 g,87,25(2)   ANSMET
Northwest Africa 16040 **,NWA 16040,Official,,2022,(Northwest Africa),CM2,40 g,112,
Northwest Africa 7131 **,NWA 7131,Official,,2011,(Northwest Africa),CM2,40 g,101,
Asuka 881955,A-881955,Official,,1988,Antarctica,CM2,40 g,,  NIPR
Northwest Africa 6862 **,NWA 6862,Official,,2011,(Northwest Africa),CM2,39.4 g,100,
Northwest Africa 14097 **,NWA 14097,Official,,2021,(Northwest Africa),CM2,39.3 g,110,
LaPaz Icefield 02239 **,LAP 02239,Official,,2002,Antarctica,CM2,39.3 g,88,26(2)   ANSMET
Hamadat Zegher 001 **,HZ 001,Official,,2018,"Awbari, Libya",CM2,39 g,108,
Northwest Africa 16359 **,NWA 16359,Official,,2022,(Northwest Africa),CM2,38.9 g,112,
Meteorite Hills 00432 **,MET 00432,Official,,2000,Antarctica,CM2,38.9 g,86,24(2)   ANSMET
Yamato 980051,Y-980051,Official,,1998,Antarctica,CM2,38.5 g,,J16   NIPR
Meteorite Hills 01072 **,MET 01072,Official,,2001,Antarctica,CM2,38.5 g,87,25(2)   ANSMET
Dominion Range 14219 **,DOM 14219,Official,,2014,Antarctica,CM2,38.1 g,105,39(1)   ANSMET
Aydar 003 **,,Official,,2018,"South, Morocco",CM1/2,38 g,108,
MacAlpine Hills 88176 **,MAC 88176,Official,,1988,Antarctica,CM2,37.9 g,76,13(2)   ANSMET
Northwest Africa 11180 **,NWA 11180,Official,,2015,Morocco,CM2,37.5 g,106,
Miller Range 07675 **,MIL 07675,Official,,2007,Antarctica,CM2,37.4 g,98,33(1)   ANSMET
Yamato 82042,Y-82042,Official,,1982,Antarctica,CM1/2,37.1 g,,  NIPR
Asuka 881655,A-881655,Official,,1988,Antarctica,CM2,36.6 g,,  NIPR
Northwest Africa 7309 **,NWA 7309,Official,,2012,(Northwest Africa),CM2,36.2 g,102,
Northwest Africa 12748 **,NWA 12748,Official,,2019,(Northwest Africa),CM2,36 g,108,
Northwest Africa 12778 **,NWA 12778,Official,,2018,(Northwest Africa),CM2,35.8 g,108,
Asuka 881594,A-881594,Official,,1988,Antarctica,CM2,35.7 g,,  NIPR
Pecora Escarpment 91084 **,PCA 91084,Official,,1991,Antarctica,CM2,34.4 g,76,16(1)   ANSMET
Allan Hills 84051 **,ALH 84051,Official,,1984,Antarctica,CM2,34.3 g,76,9(2)   ANSMET
Northwest Africa 15749 **,NWA 15749,Official,,2022,Algeria,CM2,34 g,112,
Asuka 881334,A-881334,Official,,1988,Antarctica,CM2,34 g,,J13(1)   NIPR
Miller Range 15029 **,MIL 15029,Official,,2015,Antarctica,CM2,34 g,106,40(1)   ANSMET
Northwest Africa 10907 **,NWA 10907,Official,,2016,Morocco,CM2,33.8 g,106,
Northwest Africa 15824 **,NWA 15824,Official,,2022,(Northwest Africa),CM2,33.5 g,112,
Northwest Africa 12754 **,NWA 12754,Official,,2017,(Northwest Africa),CM2,33.5 g,108,
Reckling Peak 14005 **,RKP 14005,Official,,2014,Antarctica,CM2,33.4 g,107,  KOREAMET
Northwest Africa 12287 **,NWA 12287,Official,,2018,(Northwest Africa),CM2,33 g,107,
Allan Hills 84039 **,ALH 84039,Official,,1984,Antarctica,CM2,32.8 g,76,9(2)   ANSMET
Northwest Africa 10827 **,NWA 10827,Official,,2016,(Northwest Africa),CM2,32.7 g,105,
Dhofar 1981 **,Dho 1981,Official,,2008,"Zufar, Oman",CM2,32.7 g,104,
Northwest Africa 6725 **,NWA 6725,Official,,2011,(Northwest Africa),CM2,32.6 g,100,
Queen Alexandra Range 99355 **,QUE 99355,Official,,1999,Antarctica,CM2,32.4 g,86,25(1)   ANSMET
Asuka 12031,A 12031,Official,,2012,Antarctica,CM2,32.2 g,103,J23   NIPR-RBINS
Miller Range 07676 **,MIL 07676,Official,,2007,Antarctica,CM2,32.2 g,96,31(2)   ANSMET
Allan Hills 85008 **,ALH 85008,Official,,1985,Antarctica,CM2,32.1 g,76,9(3)   ANSMET
Northwest Africa 11465 **,NWA 11465,Official,,2017,(Northwest Africa),CM2,32 g,106,
Lewis Cliff 85312 **,LEW 85312,Official,,1985,Antarctica,CM2-an,31.7 g,76,9(3)   ANSMET
Bou Kra 005 **,,Official,,2010,"Saguia el Hamra, Western Sahara",CM2,31.1 g,102,
Northwest Africa 14094 **,NWA 14094,Official,,2021,(Northwest Africa),CM2,30.6 g,110,
Miller Range 15489 **,MIL 15489,Official,,2015,Antarctica,CM2,30.2 g,108,42(2)   ANSMET
Meteorite Hills 01075 **,MET 01075,Official,,2001,Antarctica,CM2,29.9 g,87,25(2)   ANSMET
Yamato 980093 **,Y-980093,Official,,1998,Antarctica,CM2,29.6 g,,J16   NIPR
Allan Hills 84049 **,ALH 84049,Official,,1984,Antarctica,CM2,29.4 g,76,9(2)   ANSMET
Yamato 791825,Y-791825,Official,,1979,Antarctica,CM2,29.1 g,,  NIPR
Northwest Africa 12861 **,NWA 12861,Official,,2014,(Northwest Africa),CM2,29 g,108,
Dominion Range 08013 **,DOM 08013,Official,,2008,Antarctica,CM2,28.8 g,98,32(2)   ANSMET
Allan Hills 84040 **,ALH 84040,Official,,1984,Antarctica,CM2,28.7 g,76,9(2)   ANSMET
Scott Glacier 06043 **,SCO 06043,Official,,2006,Antarctica,CM1,27.6 g,94,31(1)   ANSMET
Grosvenor Mountains 85202 **,GRO 85202,Official,,1985,Antarctica,CM2,27.2 g,76,9(3)   ANSMET
Yamato 86686,Y-86686,Official,,1986,Antarctica,CM2,27 g,,  NIPR
Northwest Africa 14473 **,NWA 14473,Official,,2021,(Northwest Africa),CM2,27 g,110,
LaPaz Icefield 031165 **,LAP 031165,Official,,2003,Antarctica,CM2,27 g,92,29(2)   ANSMET
Northwest Africa 13707 **,NWA 13707,Official,,2020,(Northwest Africa),CM2,26.7 g,110,
Northwest Africa 13711 **,NWA 13711,Official,,2020,(Northwest Africa),CM2,26.3 g,110,
Miller Range 07708 **,MIL 07708,Official,,2007,Antarctica,CM2,26.3 g,96,31(2)   ANSMET
Northwest Africa 17898 **,NWA 17898,Official,,2024,(Northwest Africa),CM2,26 g,114†,
Northwest Africa 12673 **,NWA 12673,Official,,2018,(Northwest Africa),CM2,26 g,108,
LaPaz Icefield 02349 **,LAP 02349,Official,,2002,Antarctica,CM2,26 g,89,27(3)   ANSMET
Maribo **,,Official,Y,2009,"Region Sjaelland, Denmark",CM2,25.8 g,96,
MacKay Glacier 05251 **,MCY 05251,Official,,2005,Antarctica,CM2,25.3 g,92,29(2)   ANSMET
Northwest Africa 8618 **,NWA 8618,Official,,2014,Morocco,CM2,25.2 g,103,
Larkman Nunatak 06318 **,LAR 06318,Official,,2006,Antarctica,CM2,25 g,94,31(1)   ANSMET
Northwest Africa 13371 **,NWA 13371,Official,,2018,"Chwichiya, Morocco",CM2,24.8 g,109,
Allan Hills 82100 **,ALH 82100,Official,,1982,Antarctica,CM2,24.3 g,76,6(2)   ANSMET
LaPaz Icefield 02269 **,LAP 02269,Official,,2002,Antarctica,CM2,24.2 g,89,27(3)   ANSMET
Northwest Africa 14679 **,NWA 14679,Official,,2005,(Northwest Africa),CM2,24 g,111,
Northwest Africa 7210 **,NWA 7210,Official,,2006,(Northwest Africa),CM2,24 g,100,
Meteorite Hills 00431 **,MET 00431,Official,,2000,Antarctica,CM2,23.4 g,86,24(2)   ANSMET
MacKay Glacier 92500 **,MCY 92500,Official,,1992,Antarctica,CM2,23.4 g,76,16(2)   ANSMET
Yamato 791824,Y-791824,Official,,1979,Antarctica,CM2,23.3 g,,J1(1)   NIPR
Northwest Africa 8619 **,NWA 8619,Official,,2014,Morocco,CM2,23.3 g,103,
Northwest Africa 16572 **,NWA 16572,Official,,2023,Morocco,CM2,23 g,113,
LaPaz Icefield 03786 **,LAP 03786,Official,,2003,Antarctica,CM2,22.4 g,92,29(2)   ANSMET
Allan Hills 83106 **,ALH 83106,Official,,1983,Antarctica,CM2,22.3 g,76,9(1)   ANSMET
Northwest Africa 8763 **,NWA 8763,Official,,2014,(Northwest Africa),CM2,22 g,104,
Larkman Nunatak 06686 **,LAR 06686,Official,,2006,Antarctica,CM2,21.9 g,98,32(2)   ANSMET
Abteh 001 **,,Official,,2023,"South, Morocco",CM2,21.3 g,113,
Yamato 794080,Y-794080,Official,,1979,Antarctica,CM2,21.1 g,,  NIPR
Graves Nunataks 06172 **,GRA 06172,Official,,2006,Antarctica,CM2,21.1 g,94,30(2)   ANSMET
Yamato 980839,Y-980839,Official,,1998,Antarctica,CM2,21 g,,J18   NIPR
MacAlpine Hills 88101 **,MAC 88101,Official,,1988,Antarctica,CM2,20.9 g,76,13(2)   ANSMET
Yamato 980050,Y-980050,Official,,1998,Antarctica,CM2,20.8 g,,J16   NIPR
Scott Glacier 06013 **,SCO 06013,Official,,2006,Antarctica,CM2,20.7 g,94,31(1)   ANSMET
Northwest Africa 11468 **,NWA 11468,Official,,2017,(Northwest Africa),CM2,20.7 g,106,
Meteorite Hills 00633 **,MET 00633,Official,,2000,Antarctica,CM2,20.4 g,93,26(1)   ANSMET
Northwest Africa 12674 **,NWA 12674,Official,,2019,(Northwest Africa),CM2,20 g,108,
Niger (C2),,Official,,1969,Niger,CM2,20 g,,
Queen Alexandra Range 97077 **,QUE 97077,Official,,1997,Antarctica,CM2,20 g,84,23(1)   ANSMET
Elephant Moraine 96017,EET 96017,Official,,1996,Antarctica,CM2,19.9 g,82,21(1)   ANSMET
Allan Hills A77306 **,ALHA77306,Official,,1977 or 1978,Antarctica,CM2,19.9 g,76,4(1)   ANS-NIPR
Dominion Range 03182 **,DOM 03182,Official,,2003,Antarctica,CM2,19.8 g,89,28(1)   ANSMET
Miller Range 090281 **,MIL 090281,Official,,2009,Antarctica,CM2,19.8 g,101,35(2)   ANSMET
Yamato 982503,Y-982503,Official,,1998,Antarctica,CM2,19.7 g,110,J28   NIPR
Elephant Moraine 90021 **,EET 90021,Official,,1990,Antarctica,CM2,19.6 g,76,15(1)   ANSMET
Meteorite Hills 01078 **,MET 01078,Official,,2001,Antarctica,CM2,19.5 g,87,25(2)   ANSMET
Allan Hills 84054 **,ALH 84054,Official,,1984,Antarctica,CM2,19.4 g,76,9(2)   ANSMET
Yamato 981286,Y-981286,Official,,1998,Antarctica,CM2,19.3 g,98,J19   NIPR
LaPaz Icefield 03865 **,LAP 03865,Official,,2003,Antarctica,CM2,19.2 g,91,29(1)   ANSMET
Elephant Moraine 83389 **,EET 83389,Official,,1983,Antarctica,CM2,19.2 g,76,10(2)   ANSMET
Yamato 980096,Y-980096,Official,,1998,Antarctica,CM2,19.1 g,,J16   NIPR
Northwest Africa 7138 **,NWA 7138,Official,,2010,Morocco,CM2,19 g,100,
Northwest Africa 4765,NWA 4765,Official,,2006,(Northwest Africa),CM1,19 g,97,
Northwest Africa 7670 **,NWA 7670,Official,,2012,(Northwest Africa),CM2,18.9 g,103,
Meteorite Hills 01077 **,MET 01077,Official,,2001,Antarctica,CM2,18.9 g,87,25(2)   ANSMET
Elephant Moraine 96019,EET 96019,Official,,1996,Antarctica,CM2,18.9 g,82,21(1)   ANSMET
Allan Hills 85005 **,ALH 85005,Official,,1985,Antarctica,CM2,18.9 g,76,9(3)   ANSMET
Yamato 982501,Y-982501,Official,,1998,Antarctica,CM2,18.6 g,110,J28   NIPR
Miller Range 15308 **,MIL 15308,Official,,2015,Antarctica,CM2,18.2 g,106,40(1)   ANSMET
Northwest Africa 10176 **,NWA 10176,Official,,2012,(Northwest Africa),CM2,18.1 g,105,
Ouargla 006 **,,Official,,2022,"Ouargla, Algeria",CM2,18 g,111,
Northwest Africa 11254 **,NWA 11254,Official,,2016,(Northwest Africa),CM-an,18 g,107,
Allan Hills 88045,ALH 88045,Official,,1988,Antarctica,CM1,18 g,69,  EUROMET
Northwest Africa 10126 **,NWA 10126,Official,,2013,(Northwest Africa),CM2,17.6 g,105,
Yamato 982500,Y-982500,Official,,1998,Antarctica,CM2,17.4 g,110,J28   NIPR
Miller Range 090288 **,MIL 090288,Official,,2009,Antarctica,CM1/2,17.4 g,101,35(2)   ANSMET
Miller Range 07679 **,MIL 07679,Official,,2007,Antarctica,CM2,17.3 g,96,31(2)   ANSMET
Northwest Africa 11791 **,NWA 11791,Official,,2017,(Northwest Africa),CM2,17.1 g,107,
Northwest Africa 16390 **,NWA 16390,Official,,2023,(Northwest Africa),CM2,17 g,113,
Northwest Africa 13547 **,NWA 13547,Official,,2020,(Northwest Africa),CM2,17 g,109,
Allan Hills 84043 **,ALH 84043,Official,,1984,Antarctica,CM2,16.8 g,76,9(2)   ANSMET
Lewis Cliff 87016 **,LEW 87016,Official,,1987,Antarctica,CM2,16.8 g,76,11(2)   ANSMET
Lookout Hill **,,Official,,1976,"Western Australia, Australia",CM2,16.6 g,57,
Dhofar 2046 **,Dho 2046,Official,,2011,"Zufar, Oman",CM2-an,16.6 g,105,
Yamato 794078,Y-794078,Official,,1979,Antarctica,CM2,16.5 g,,  NIPR
Asuka 19066,A 19066,Official,,2019,Antarctica,CM2,16.5 g,113,J29   NIPR-RBINS
Northwest Africa 5376 **,NWA 5376,Official,,2008,(Northwest Africa),CM2,16.3 g,111,
Elephant Moraine 96010 **,EET 96010,Official,,1996,Antarctica,CM2,16.3 g,82,21(1)   ANSMET
Yamato 86693,Y-86693,Official,,1986,Antarctica,CM2,16.2 g,,  NIPR
Northwest Africa 7121 **,NWA 7121,Official,,2011,(Northwest Africa),CM2,16.1 g,101,
Dhofar 955 **,Dho 955,Official,,2003,"Zufar, Oman",CM2,16 g,89,
LaPaz Icefield 04809 **,LAP 04809,Official,,2004,Antarctica,CM2,15.8 g,94,30(2)   ANSMET
Meteorite Hills 01073 **,MET 01073,Official,,2001,Antarctica,CM1,15.7 g,87,25(2)   ANSMET
LaPaz Icefield 04796 **,LAP 04796,Official,,2004,Antarctica,CM2,15.7 g,94,30(2)   ANSMET
Asuka 12121,A 12121,Official,,2012,Antarctica,CM,15.7 g,105,J25   NIPR-RBINS
Northwest Africa 11781 **,NWA 11781,Official,,2017,(Northwest Africa),CM2,15.5 g,107,
LaPaz Icefield 031268,LAP 031268,Official,,2003,Antarctica,CM2,15.4 g,92,29(2)   ANSMET
Elephant Moraine 96098 **,EET 96098,Official,,1996,Antarctica,CM2,15.3 g,83,21(2)   ANSMET
Queen Alexandra Range 99886 **,QUE 99886,Official,,1999,Antarctica,CM2,15.3 g,87,25(2)   ANSMET
LaPaz Icefield 031166 **,LAP 031166,Official,,2003,Antarctica,CM1/2,15.1 g,92,29(2)   ANSMET
Northwest Africa 11462 **,NWA 11462,Official,,2017,(Northwest Africa),CM2,15 g,106,
Northwest Africa 11389 **,NWA 11389,Official,,2017,(Northwest Africa),CM2,15 g,106,
LaPaz Icefield 04514 **,LAP 04514,Official,,2004,Antarctica,CM2,14.8 g,94,30(2)   ANSMET
Amundsen Glacier 17290 **,AMU 17290,Official,,2017,Antarctica,CM2,14.4 g,107,41(2)   ANSMET
MacAlpine Hills 02535 **,MAC 02535,Official,,2002,Antarctica,CM2,14.4 g,88,27(1)   ANSMET
Scott Glacier 06012 **,SCO 06012,Official,,2006,Antarctica,CM2,14.3 g,94,31(1)   ANSMET
Northwest Africa 14095 **,NWA 14095,Official,,2021,(Northwest Africa),CM2,14.3 g,110,
LaPaz Icefield 02308 **,LAP 02308,Official,,2002,Antarctica,CM2,14.1 g,89,27(3)   ANSMET
Outer Recovery Icefields 18012 **,OUT 18012,Official,,2019,Antarctica,CM-an,14 g,111,  LostMets-UK
Northwest Africa 12672 **,NWA 12672,Official,,2018,(Northwest Africa),CM2,14 g,108,
LaPaz Icefield 04680 **,LAP 04680,Official,,2004,Antarctica,CM2,14 g,94,30(2)   ANSMET
Allan Hills 84191 **,ALH 84191,Official,,1984,Antarctica,CM2,14 g,76,9(3)   ANSMET
Allan Hills A81002 **,ALHA81002,Official,,1981,Antarctica,CM2,14 g,76,6(1)   ANSMET
Yamato 981719,Y-981719,Official,,1998,Antarctica,CM2,13.8 g,98,J19   NIPR
Yamato 793586,Y-793586,Official,,1979,Antarctica,CM2,13.8 g,,  NIPR
Yamato 980085 **,Y-980085,Official,,1998,Antarctica,CM2,13.6 g,,J16   NIPR
Allan Hills 99500 **,ALH 99500,Official,,1999,Antarctica,CM2,13.6 g,85,24(1)   ANSMET
Miller Range 07703 **,MIL 07703,Official,,2007,Antarctica,CM2,13.6 g,98,33(1)   ANSMET
Yamato 793601,Y-793601,Official,,1979,Antarctica,CM2,13.5 g,,  NIPR
Meteorite Hills 00639 **,MET 00639,Official,,2000,Antarctica,CM2,13.4 g,93,26(1)   ANSMET
Queen Alexandra Range 93005 **,QUE 93005,Official,,1993,Antarctica,CM2,13.4 g,79,17(3)   ANSMET
Northwest Africa 12563 **,NWA 12563,Official,,2015,(Northwest Africa),CM2-an,13 g,108,
Northwest Africa 8089 **,NWA 8089,Official,,2013,(Northwest Africa),CM2,13 g,104,
Elephant Moraine 96097 **,EET 96097,Official,,1996,Antarctica,CM2,12.9 g,83,21(2)   ANSMET
Northwest Africa 10957 **,NWA 10957,Official,,2016,(Northwest Africa),CM1/2,12.8 g,105,
Northwest Africa 3340 **,NWA 3340,Official,,2006,(Northwest Africa),CM2-an,12.7 g,92,
Elephant Moraine 96096 **,EET 96096,Official,,1996,Antarctica,CM2,12.7 g,83,21(2)   ANSMET
Allan Hills 84048 **,ALH 84048,Official,,1984,Antarctica,CM2,12.6 g,76,9(2)   ANSMET
Allan Hills 84031 **,ALH 84031,Official,,1984,Antarctica,CM2,12.5 g,76,8(2)   ANSMET
Yamato 86696,Y-86696,Official,,1986,Antarctica,CM2,12.3 g,,  NIPR
Northwest Africa 15103 **,NWA 15103,Official,,2012,Morocco,CM2,12.2 g,111,
Miller Range 07689 **,MIL 07689,Official,,2007,Antarctica,CM1,12.2 g,101,34(1)   ANSMET
Yamato 981271,Y-981271,Official,,1998,Antarctica,CM2,12.1 g,98,J19   NIPR
Northwest Africa 7568,NWA 7568,Official,,2012,(Northwest Africa),CM2,12 g,101,
Yamato 982018,Y-982018,Official,,1998,Antarctica,CM2,11.9 g,99,J20   NIPR
Yamato 794081,Y-794081,Official,,1979,Antarctica,CM2,11.9 g,,  NIPR
Yamato 981266,Y-981266,Official,,1998,Antarctica,CM2,11.8 g,98,J19   NIPR
LaPaz Icefield 04807 **,LAP 04807,Official,,2004,Antarctica,CM2,11.6 g,94,30(2)   ANSMET
Dominion Range 19069 **,DOM 19069,Official,,2019,Antarctica,CM2,11.6 g,110,44(2)   ANSMET
Meteorite Hills 01079 **,MET 01079,Official,,2001,Antarctica,CM1,11.5 g,87,25(2)   ANSMET
Elephant Moraine 83250 **,EET 83250,Official,,1983,Antarctica,CM2,11.5 g,76,8(1)   ANSMET
LaPaz Icefield 04552 **,LAP 04552,Official,,2004,Antarctica,CM2,11.4 g,94,30(2)   ANSMET
Allan Hills 84045 **,ALH 84045,Official,,1984,Antarctica,CM2,11.4 g,76,9(2)   ANSMET
Queen Alexandra Range 94734 **,QUE 94734,Official,,1994,Antarctica,CM2,11.2 g,82,19(2)   ANSMET
Miller Range 13330 **,MIL 13330,Official,,2013,Antarctica,CM2,11.1 g,104,38(2)   ANSMET
Northwest Africa 11919 **,NWA 11919,Official,,2018,(Northwest Africa),CM2,11 g,107,
LaPaz Icefield 04588 **,LAP 04588,Official,,2004,Antarctica,CM2,11 g,94,30(2)   ANSMET
Yamato 791190,Y-791190,Official,,1979,Antarctica,CM2,10.9 g,,  NIPR
Meteorite Hills 00433 **,MET 00433,Official,,2000,Antarctica,CM2,10.9 g,86,24(2)   ANSMET
Meteorite Hills 00630 **,MET 00630,Official,,2000,Antarctica,CM2,10.8 g,93,26(1)   ANSMET
Allan Hills 85011 **,ALH 85011,Official,,1985,Antarctica,CM2,10.7 g,76,10(1)   ANSMET
Yamato 74642,Y-74642,Official,,1974,Antarctica,CM2,10.6 g,,J3(1)   NIPR
Miller Range 15094 **,MIL 15094,Official,,2015,Antarctica,CM2,10.6 g,107,41(2)   ANSMET
Northwest Africa 11588 **,NWA 11588,Official,,2017,(Northwest Africa),CM2,10.3 g,107,
Northwest Africa 6861 **,NWA 6861,Official,,2011,(Northwest Africa),CM2,10.3 g,100,
Asuka 12408,A 12408,Official,,2012,Antarctica,CM,10.2 g,107,J26   NIPR-RBINS
Yamato 980094 **,Y-980094,Official,,1998,Antarctica,CM2,10.1 g,,J16   NIPR
Northwest Africa 11793 **,NWA 11793,Official,,2018,(Northwest Africa),CM2,10.1 g,107,
MacAlpine Hills 02701 **,MAC 02701,Official,,2002,Antarctica,CM2,10.1 g,89,27(3)   ANSMET
Northwest Africa 12815 **,NWA 12815,Official,,2019,(Northwest Africa),CM2,10 g,108,
Northwest Africa 12742 **,NWA 12742,Official,,2018,(Northwest Africa),CM2,10 g,108,
Dhofar 1277 **,Dho 1277,Official,,2005,"Zufar, Oman",CM2,10 g,90,
Dominion Range 14239 **,DOM 14239,Official,,2014,Antarctica,CM1,9.9 g,105,39(1)   ANSMET
Pecora Escarpment 02050 **,PCA 02050,Official,,2002,Antarctica,CM2,9.8 g,89,27(3)   ANSMET
Northwest Africa 11638 **,NWA 11638,Official,,2017,(Northwest Africa),CM2.0,9.7 g,107,
MacKay Glacier 05229 **,MCY 05229,Official,,2005,Antarctica,CM2,9.7 g,92,29(2)   ANSMET
Yamato 980183,Y-980183,Official,,1998,Antarctica,CM2,9.5 g,,J16   NIPR
Yamato 86690,Y-86690,Official,,1986,Antarctica,CM2,9.5 g,,  NIPR
LaPaz Icefield 031214 **,LAP 031214,Official,,2003,Antarctica,CM2,9.5 g,91,29(1)   ANSMET
Elephant Moraine 96012,EET 96012,Official,,1996,Antarctica,CM2,9.4 g,82,21(1)   ANSMET
Yamato 86039,Y-86039,Official,,1986,Antarctica,CM2,9.3 g,,  NIPR
Northwest Africa 17480 **,NWA 17480,Official,,2024,(Northwest Africa),CM1,9.3 g,114†,
Meteorite Hills 01076 **,MET 01076,Official,,2001,Antarctica,CM2,9.2 g,87,25(2)   ANSMET
Meteorite Hills 00632 **,MET 00632,Official,,2000,Antarctica,CM2,9.1 g,93,26(1)   ANSMET
Asuka 12085,A 12085,Official,,2012,Antarctica,CM,9.1 g,105,J25   NIPR-RBINS
Miller Range 15081 **,MIL 15081,Official,,2015,Antarctica,CM2,9.1 g,106,40(1)   ANSMET
LaPaz Icefield 031371 **,LAP 031371,Official,,2003,Antarctica,CM2,8.8 g,92,29(2)   ANSMET
Queen Alexandra Range 93017 **,QUE 93017,Official,,1993,Antarctica,CM2,8.8 g,79,18(2)   ANSMET
Queen Alexandra Range 99443 **,QUE 99443,Official,,1999,Antarctica,CM2,8.7 g,86,25(1)   ANSMET
Elephant Moraine 83224 **,EET 83224,Official,,1983,Antarctica,CM2,8.6 g,76,8(1)   ANSMET
Elephant Moraine 15118 **,EET 15118,Official,,2015,"Antarctica, Antarctica",CM2,8.5 g,113,  KOREAMET
Yamato 980086,Y-980086,Official,,1998,Antarctica,CM2,8.4 g,,J16   NIPR
Dominion Range 08015 **,DOM 08015,Official,,2008,Antarctica,CM2,8.4 g,98,32(2)   ANSMET
Allan Hills 85004 **,ALH 85004,Official,,1985,Antarctica,CM2,8.4 g,76,10(1)   ANSMET
Dominion Range 23139 **,DOM 23139,Official,,2023,Antarctica,CM1,8.3 g,113,47(2)   ANSMET
Dominion Range 08010 **,DOM 08010,Official,,2008,Antarctica,CM2,8.3 g,98,32(2)   ANSMET
Yamato 982504,Y-982504,Official,,1998,Antarctica,CM2,8.2 g,110,J28   NIPR
Yamato 980239,Y-980239,Official,,1998,Antarctica,CM2,8.2 g,,J16   NIPR
Yamato 794083,Y-794083,Official,,1979,Antarctica,CM2,8.2 g,,  NIPR
Northwest Africa 10014 **,NWA 10014,Official,,2014,(Northwest Africa),CM2,8.2 g,104,
Yamato 980840,Y-980840,Official,,1998,Antarctica,CM2,8.1 g,110,J28   NIPR
Yamato 794074,Y-794074,Official,,1979,Antarctica,CM2,8.1 g,,  NIPR
Yamato 75293,Y-75293,Official,,1975 or 1976,Antarctica,CM2,8.1 g,,  NIPR
Miller Range 15429 **,MIL 15429,Official,,2015,Antarctica,CM2,8.1 g,108,42(2)   ANSMET
LaPaz Icefield 031043 **,LAP 031043,Official,,2003,Antarctica,CM2,8.1 g,92,29(2)   ANSMET
Reckling Peak 92402 **,RKP 92402,Official,,1992,Antarctica,CM2,8 g,79,17(1)   ANSMET
Northwest Africa 16831 **,NWA 16831,Official,,2022,Morocco,CM2,8 g,113,
LaPaz Icefield 02302 **,LAP 02302,Official,,2002,Antarctica,CM2,7.9 g,89,27(3)   ANSMET
Allan Hills 84032 **,ALH 84032,Official,,1984,Antarctica,CM2,7.9 g,76,8(2)   ANSMET
Miller Range 090443 **,MIL 090443,Official,,2009,Antarctica,CM2,7.9 g,100,34(2)   ANSMET
Reckling Peak 92400 **,RKP 92400,Official,,1992,Antarctica,CM2,7.8 g,76,16(2)   ANSMET
LaPaz Icefield 02277 **,LAP 02277,Official,,2002,Antarctica,CM1,7.8 g,89,27(3)   ANSMET
Yamato 980039,Y-980039,Official,,1998,Antarctica,CM,7.7 g,107,J26   NIPR
Northwest Africa 10165 **,NWA 10165,Official,,2014,"Taouz, Morocco",CM2,7.7 g,104,
Miller Range 07670 **,MIL 07670,Official,,2007,Antarctica,CM2,7.7 g,96,32(1)   ANSMET
Yamato 982069,Y-982069,Official,,1998,Antarctica,CM2,7.6 g,99,J20   NIPR
Asuka 881333,A-881333,Official,,1988,Antarctica,CM2,7.6 g,110,J28   NIPR
Yamato 793564,Y-793564,Official,,1979,Antarctica,CM2,7.5 g,,  NIPR
Northwest Africa 17205 **,NWA 17205,Official,,2024,(Northwest Africa),CM2,7.5 g,113,
Yamato 794077,Y-794077,Official,,1979,Antarctica,CM2,7.4 g,,  NIPR
Miller Range 07702 **,MIL 07702,Official,,2007,Antarctica,CM2,7.4 g,98,33(1)   ANSMET
Graves Nunataks 06131 **,GRA 06131,Official,,2006,Antarctica,CM2,7.3 g,94,30(2)   ANSMET
LaPaz Icefield 04754 **,LAP 04754,Official,,2004,Antarctica,CM2,7.2 g,94,31(1)   ANSMET
MacAlpine Hills 02606 **,MAC 02606,Official,,2002,Antarctica,CM2,7.2 g,88,27(1)   ANSMET
Lewis Cliff 88002 **,LEW 88002,Official,,1988,Antarctica,CM2,7.2 g,76,13(2)   ANSMET
Meteorite Hills 001012 **,MET 001012,Official,,2000,Antarctica,CM2,7.1 g,87,26(1)   ANSMET
LaPaz Icefield 04565 **,LAP 04565,Official,,2004,Antarctica,CM2,7.1 g,94,30(2)   ANSMET
Queen Alexandra Range 94582 **,QUE 94582,Official,,1994,Antarctica,CM2,7.1 g,79,19(1)   ANSMET
Reckling Peak 92401 **,RKP 92401,Official,,1992,Antarctica,CM2,7 g,79,17(1)   ANSMET
Northwest Africa 16436 **,NWA 16436,Official,,2023,Mauritania,CM2,7 g,113,
Northwest Africa 12753 **,NWA 12753,Official,,2017,(Northwest Africa),CM2,7 g,108,
Allan Hills 88052,ALH 88052,Official,,1988,Antarctica,CM2,7 g,69,  EUROMET
LaPaz Icefield 031299,LAP 031299,Official,,2003,Antarctica,CM2,6.9 g,92,29(2)   ANSMET
LaPaz Icefield 02348 **,LAP 02348,Official,,2002,Antarctica,CM2,6.9 g,89,27(3)   ANSMET
Miller Range 090532 **,MIL 090532,Official,,2009,Antarctica,CM2,6.9 g,101,35(2)   ANSMET
Yamato 790123,Y-790123,Official,,1979,Antarctica,CM2,6.8 g,,J6(1)   NIPR
Miller Range 11040 **,MIL 11040,Official,,2011,Antarctica,CM2,6.8 g,101,35(2)   ANSMET
Yamato 981288,Y-981288,Official,,1998,Antarctica,CM2,6.7 g,98,J19   NIPR
Roberts Massif 03523 **,RBT 03523,Official,,2003,Antarctica,CM2,6.7 g,89,28(1)   ANSMET
Northwest Africa 8301 **,NWA 8301,Official,,2013,Morocco,CM2,6.7 g,103,
Yamato 981945,Y-981945,Official,,1998,Antarctica,CM2,6.6 g,99,J20   NIPR
Yamato 981268,Y-981268,Official,,1998,Antarctica,CM2,6.6 g,98,J19   NIPR
Yamato 86700,Y-86700,Official,,1986,Antarctica,CM2,6.6 g,,  NIPR
LaPaz Icefield 04675 **,LAP 04675,Official,,2004,Antarctica,CM2,6.6 g,94,30(2)   ANSMET
Miller Range 11025 **,MIL 11025,Official,,2011,Antarctica,CM2,6.6 g,104,38(1)   ANSMET
Yamato 980088,Y-980088,Official,,1998,Antarctica,CM2,6.5 g,,J16   NIPR
Yamato 86699,Y-86699,Official,,1986,Antarctica,CM2,6.5 g,,  NIPR
Northwest Africa 6720 **,NWA 6720,Official,,2011,(Northwest Africa),CM2,6.5 g,100,
Lewis Cliff 85306 **,LEW 85306,Official,,1985,Antarctica,CM2-an,6.5 g,76,9(3)   ANSMET
Miller Range 090994 **,MIL 090994,Official,,2009,Antarctica,CM2,6.5 g,100,35(1)   ANSMET
Lewis Cliff 86009 **,LEW 86009,Official,,1986,Antarctica,CM2,6.5 g,76,10(2)   ANSMET
Yamato 981290,Y-981290,Official,,1998,Antarctica,CM2,6.4 g,98,J19   NIPR
Scott Glacier 06042 **,SCO 06042,Official,,2006,Antarctica,CM2,6.4 g,94,31(1)   ANSMET
Miller Range 090283 **,MIL 090283,Official,,2009,Antarctica,CM2,6.4 g,101,35(2)   ANSMET
Yamato 86697,Y-86697,Official,,1986,Antarctica,CM2,6.3 g,,  NIPR
MacKay Glacier 05231 **,MCY 05231,Official,,2005,Antarctica,CM1/2,6.2 g,92,29(2)   ANSMET
Elephant Moraine 15059 **,EET 15059,Official,,2015,"Antarctica, Antarctica",CM2,6.2 g,113,  KOREAMET
Dominion Range 08016 **,DOM 08016,Official,,2008,Antarctica,CM2,6.2 g,98,33(1)   ANSMET
Dhofar 1619 **,Dho 1619,Official,,2007,"Zufar, Oman",CM2,6.2 g,99,
Allan Hills 84030 **,ALH 84030,Official,,1984,Antarctica,CM2,6.2 g,76,8(2)   ANSMET
Yamato 86698,Y-86698,Official,,1986,Antarctica,CM2,6.1 g,,  NIPR
Meteorite Hills 00434 **,MET 00434,Official,,2000,Antarctica,CM2,6.1 g,86,24(2)   ANSMET
Yamato 980070,Y-980070,Official,,1998,Antarctica,CM2,6 g,,J16   NIPR
Northwest Africa 11792 **,NWA 11792,Official,,2017,(Northwest Africa),CM2,6 g,107,
Elephant Moraine 99437 **,EET 99437,Official,,1999,Antarctica,CM2,6 g,85,24(1)   ANSMET
Dhofar 2106 **,Dho 2106,Official,,2010,"Zufar, Oman",CM2,6 g,109,
Northwest Africa 13150 **,NWA 13150,Official,,2019,(Northwest Africa),CM2,5.9 g,109,
Meteorite Hills 00810 **,MET 00810,Official,,2000,Antarctica,CM2,5.9 g,87,26(1)   ANSMET
Elephant Moraine 96018 **,EET 96018,Official,,1996,Antarctica,CM2,5.9 g,82,21(1)   ANSMET
Dominion Range 18396 **,DOM 18396,Official,,2018,Antarctica,CM2,5.8 g,112,46(1)   ANSMET
Yamato 793500,Y-793500,Official,,1979,Antarctica,CM2,5.7 g,,  NIPR
Miller Range 07701,MIL 07701,Official,,2007,Antarctica,CM2,5.7 g,98,33(1)   ANSMET
Yamato 8412,Y-8412,Official,,1984,Antarctica,CM2,5.6 g,,  NIPR
Lewis Cliff 86008 **,LEW 86008,Official,,1986,Antarctica,CM2,5.6 g,76,10(2)   ANSMET
Yamato 981632,Y-981632,Official,,1998,Antarctica,CM2,5.5 g,98,J19   NIPR
Yamato 980036,Y-980036,Official,,1998,Antarctica,CM2,5.5 g,,J16   NIPR
Yamato 980091 **,Y-980091,Official,,1998,Antarctica,CM2,5.4 g,,J16   NIPR
Miller Range 15347 **,MIL 15347,Official,,2015,Antarctica,CM1,5.4 g,108,42(2)   ANSMET
Meteorite Hills 00781 **,MET 00781,Official,,2000,Antarctica,CM2,5.4 g,87,26(1)   ANSMET
Elephant Moraine 92005 **,EET 92005,Official,,1992,Antarctica,CM2,5.4 g,79,17(1)   ANSMET
Miller Range 13078 **,MIL 13078,Official,,2013,Antarctica,CM2,5.4 g,105,39(2)   ANSMET
Yamato 980399 **,Y-980399,Official,,1998,Antarctica,CM2,5.3 g,,J18   NIPR
Elephant Moraine 96011 **,EET 96011,Official,,1996,Antarctica,CM2,5.3 g,82,21(1)   ANSMET
Pecora Escarpment 91327 **,PCA 91327,Official,,1991,Antarctica,CM2,5.2 g,76,16(2)   ANSMET
Dominion Range 08009 **,DOM 08009,Official,,2008,Antarctica,CM2,5.2 g,98,33(1)   ANSMET
Allan Hills 84053 **,ALH 84053,Official,,1984,Antarctica,CM2,5.2 g,76,9(2)   ANSMET
Miller Range 07692 **,MIL 07692,Official,,2007,Antarctica,CM2,5.2 g,98,33(1)   ANSMET
Miller Range 15450 **,MIL 15450,Official,,2015,Antarctica,CM2,5.1 g,108,42(2)   ANSMET
Elephant Moraine 96007,EET 96007,Official,,1996,Antarctica,CM2,5.1 g,82,21(1)   ANSMET
Allan Hills A78261 **,ALHA78261,Official,,1978,Antarctica,CM2,5.1 g,76,3(2)   ANS-NIPR
Miller Range 07682 **,MIL 07682,Official,,2007,Antarctica,CM2,5.1 g,98,33(1)   ANSMET
Northwest Africa 4757 **,NWA 4757,Official,,2004,Morocco,CM2,5 g,93,
Grove Mountains 050179 **,GRV 050179,Official,,2006,Antarctica,CM2,5 g,93,  CARE
Yamato 82099,Y-82099,Official,,1982 or 1983,Antarctica,CM2,4.93 g,,  NIPR
Yamato 86694,Y-86694,Official,,1986,Antarctica,CM2,4.91 g,,  NIPR
Miller Range 090992 **,MIL 090992,Official,,2009,Antarctica,CM1/2,4.9 g,100,35(1)   ANSMET
Miller Range 15231 **,MIL 15231,Official,,2015,Antarctica,CM2,4.9 g,106,40(1)   ANSMET
Northwest Africa 10908 **,NWA 10908,Official,,2016,Morocco,CM2,4.86 g,106,
Asuka 87125,A-87125,Official,,1987,Antarctica,CM2,4.81 g,110,J28   NIPR
Yamato 981720,Y-981720,Official,,1998,Antarctica,CM,4.8 g,102,J22   NIPR
Queen Alexandra Range 94222 **,QUE 94222,Official,,1994,Antarctica,CM2,4.8 g,79,19(1)   ANSMET
Northwest Africa 11024 **,NWA 11024,Official,,2014,(Northwest Africa),CM-an,4.7 g,106,
Allan Hills A81004 **,ALHA81004,Official,,1981,Antarctica,CM2,4.7 g,76,6(1)   ANSMET
Lewis Cliff 86005 **,LEW 86005,Official,,1986,Antarctica,CM2,4.7 g,76,10(2)   ANSMET
Yamato 86015,Y-86015,Official,,1986,Antarctica,CM2,4.64 g,,  NIPR
Yamato 74641,Y-74641,Official,,1974,Antarctica,CM2,4.59 g,,J3(1)   NIPR
Meteorite Hills 01071 **,MET 01071,Official,,2001,Antarctica,CM2,4.5 g,87,25(2)   ANSMET
Yamato 86701,Y-86701,Official,,1986,Antarctica,CM2,4.46 g,,  NIPR
Allan Hills 84047 **,ALH 84047,Official,,1984,Antarctica,CM2,4.4 g,76,9(2)   ANSMET
Miller Range 15468 **,MIL 15468,Official,,2015,Antarctica,CM2,4.3 g,108,42(2)   ANSMET
Pecora Escarpment 91203 **,PCA 91203,Official,,1991,Antarctica,CM2,4.2 g,76,16(1)   ANSMET
LaPaz Icefield 031022 **,LAP 031022,Official,,2002,Antarctica,CM2,4.2 g,91,28(2)   ANSMET
Miller Range 07674 **,MIL 07674,Official,,2007,Antarctica,CM2,4.2 g,98,33(1)   ANSMET
Yamato 982585,Y-982585,Official,,1998,Antarctica,CM,4.16 g,101,J21   NIPR
Yamato 980095,Y-980095,Official,,1998,Antarctica,CM2,4.13 g,,J16   NIPR
Northwest Africa 13844 **,NWA 13844,Official,,2020,(Northwest Africa),CM2,4.13 g,110,
Yamato 981658,Y-981658,Official,,1998,Antarctica,CM,4.11 g,104,J24   NIPR
Elephant Moraine 16097 **,EET 16097,Official,,2016,Antarctica,CM2,4.1 g,106,40(2)   ANSMET
Allan Hills 83016 **,ALH 83016,Official,,1983,Antarctica,CM2,4.1 g,76,8(1)   ANSMET
Miller Range 07497 **,MIL 07497,Official,,2007,Antarctica,CM2,4.1 g,98,33(1)   ANSMET
Lewis Cliff 87001 **,LEW 87001,Official,,1987,Antarctica,CM2,4 g,76,11(2)   ANSMET
Yamato 981760,Y-981760,Official,,1998,Antarctica,CM2,3.99 g,109,J27   NIPR
Yamato 981265,Y-981265,Official,,1998,Antarctica,CM2,3.97 g,109,J27   NIPR
Allan Hills 85012 **,ALH 85012,Official,,1985,Antarctica,CM2,3.9 g,76,10(1)   ANSMET
Northwest Africa 11732 **,NWA 11732,Official,,2017,(Northwest Africa),CM2.0,3.8 g,107,
Yamato 981946,Y-981946,Official,,1998,Antarctica,CM2,3.73 g,99,J20   NIPR
Yamato 794079,Y-794079,Official,,1979,Antarctica,CM2,3.72 g,,  NIPR
Yamato 980087,Y-980087,Official,,1998,Antarctica,CM2,3.69 g,,J16   NIPR
Dominion Range 18636 **,DOM 18636,Official,,2018,Antarctica,CM2,3.62 g,108,42(2)   ANSMET
Grove Mountains 020025 **,GRV 020025,Official,,2002,Antarctica,CM2,3.6 g,89,  CARE
Elephant Moraine 16100 **,EET 16100,Official,,2016,Antarctica,CM1,3.6 g,106,40(2)   ANSMET
Yamato 982542,Y-982542,Official,,1998,Antarctica,CM2,3.58 g,110,J28   NIPR
MacAlpine Hills 02755 **,MAC 02755,Official,,2002,Antarctica,CM2,3.52 g,89,28(1)   ANSMET
Elephant Moraine 16079 **,EET 16079,Official,,2016,Antarctica,CM2,3.5 g,106,40(2)   ANSMET
Queen Alexandra Range 97657 **,QUE 97657,Official,,1997,Antarctica,CM2,3.5 g,85,23(2)   ANSMET
Queen Alexandra Range 93004 **,QUE 93004,Official,,1993,Antarctica,CM2,3.5 g,79,17(3)   ANSMET
Grove Mountains 13051 **,GRV 13051,Official,,2014,Antarctica,CM2,3.47 g,103,  CARE
Yamato 981975,Y-981975,Official,,1998,Antarctica,CM2,3.45 g,99,J20   NIPR
Miller Range 15304 **,MIL 15304,Official,,2015,Antarctica,CM2,3.38 g,108,42(2)   ANSMET
Yamato 793530,Y-793530,Official,,1979,Antarctica,CM2,3.33 g,,  NIPR
Yamato 82090,Y-82090,Official,,1982,Antarctica,CM2,3.31 g,,  NIPR
Reckling Peak 17075 **,RKP 17075,Official,,2018,Antarctica,CM1,3.3 g,110,  PNRA
Northwest Africa 11733 **,NWA 11733,Official,,2017,(Northwest Africa),CM2,3.3 g,107,
Yamato 8452,Y-8452,Official,,1984,Antarctica,CM2,3.29 g,,  NIPR
Yamato 982591,Y-982591,Official,,1998,Antarctica,CM,3.24 g,101,J21   NIPR
Miller Range 15305 **,MIL 15305,Official,,2015,Antarctica,CM2,3.23 g,108,42(2)   ANSMET
Yamato 86702,Y-86702,Official,,1986,Antarctica,CM2,3.2 g,,  NIPR
Allan Hills 85010 **,ALH 85010,Official,,1985,Antarctica,CM2,3.2 g,76,10(1)   ANSMET
Allan Hills 84050 **,ALH 84050,Official,,1984,Antarctica,CM2,3.2 g,76,9(2)   ANSMET
Allan Hills 84035 **,ALH 84035,Official,,1984,Antarctica,CM2,3.2 g,76,9(2)   ANSMET
Miller Range 11272 **,MIL 11272,Official,,2011,Antarctica,CM1/2,3.1 g,103,37(2)   ANSMET
Lewis Cliff 87249 **,LEW 87249,Official,,1987,Antarctica,CM2,3.1 g,76,11(2)   ANSMET
Yamato 980512,Y-980512,Official,,1998,Antarctica,CM2,3.09 g,110,J28   NIPR
Yamato 86736,Y-86736,Official,,1986,Antarctica,CM2,3.09 g,,  NIPR
Yamato 982070,Y-982070,Official,,1998,Antarctica,CM2,3.03 g,99,J20   NIPR
Miller Range 07668 **,MIL 07668,Official,,2007,Antarctica,CM2,3 g,98,32(2)   ANSMET
Yamato 982592,Y-982592,Official,,1998,Antarctica,CM2,2.96 g,110,J28   NIPR
Miller Range 13139 **,MIL 13139,Official,,2013,Antarctica,CM2,2.94 g,104,38(2)   ANSMET
Miller Range 15408 **,MIL 15408,Official,,2015,Antarctica,CM2,2.87 g,108,42(2)   ANSMET
Miller Range 13329 **,MIL 13329,Official,,2013,Antarctica,CM2,2.85 g,104,38(2)   ANSMET
Pecora Escarpment 91147 **,PCA 91147,Official,,1991,Antarctica,CM2,2.8 g,76,16(1)   ANSMET
Northwest Africa 16406 **,NWA 16406,Official,,2023,(Northwest Africa),CM2,2.8 g,113,
Allan Hills 84036 **,ALH 84036,Official,,1984,Antarctica,CM2,2.8 g,76,9(2)   ANSMET
Miller Range 05112 **,MIL 05112,Official,,2005,Antarctica,CM2,2.8 g,92,29(2)   ANSMET
Queen Alexandra Range 97621 **,QUE 97621,Official,,1997,Antarctica,CM2,2.8 g,84,23(1)   ANSMET
Asuka 881184,A-881184,Official,,1988,Antarctica,CM2,2.7 g,110,J28   NIPR
Allan Hills 85106 **,ALH 85106,Official,,1985,Antarctica,CM2,2.7 g,76,10(2)   ANSMET
Queen Alexandra Range 93006 **,QUE 93006,Official,,1993,Antarctica,CM2,2.7 g,79,17(3)   ANSMET
Yamato 980037,Y-980037,Official,,1998,Antarctica,CM,2.68 g,107,J26   NIPR
Pecora Escarpment 02011 **,PCA 02011,Official,,2002,Antarctica,CM2,2.6 g,88,27(1)   ANSMET
Miller Range 05124 **,MIL 05124,Official,,2005,Antarctica,CM2,2.6 g,92,29(2)   ANSMET
Miller Range 13322 **,MIL 13322,Official,,2013,Antarctica,CM2,2.6 g,106,40(1)   ANSMET
Queen Alexandra Range 94220 **,QUE 94220,Official,,1994,Antarctica,CM2,2.6 g,79,19(1)   ANSMET
Yamato 980111,Y-980111,Official,,1998,Antarctica,CM,2.58 g,107,J26   NIPR
Miller Range 13119 **,MIL 13119,Official,,2013,Antarctica,CM2,2.58 g,104,38(2)   ANSMET
Yamato 980038,Y-980038,Official,,1998,Antarctica,CM,2.56 g,107,J26   NIPR
Yamato 980084,Y-980084,Official,,1998,Antarctica,CM,2.54 g,107,J26   NIPR
Asuka 10167,A 10167,Official,,2010,Antarctica,CM,2.53 g,103,J23   NIPR-RBINS
Yamato 980097,Y-980097,Official,,1998,Antarctica,CM2,2.52 g,,J16   NIPR
Yamato 980493,Y-980493,Official,,1998,Antarctica,CM2,2.51 g,110,J28   NIPR
Yamato 8403,Y-8403,Official,,1984,Antarctica,CM2,2.51 g,,  NIPR
Elephant Moraine 15029 **,EET 15029,Official,,2015,"Antarctica, Antarctica",CM2,2.5 g,113,  KOREAMET
Elephant Moraine 83334 **,EET 83334,Official,,1983,Antarctica,CM1,2.5 g,76,10(2)   ANSMET
Miller Range 07680 **,MIL 07680,Official,,2007,Antarctica,CM2,2.5 g,98,33(1)   ANSMET
Miller Range 07310 **,MIL 07310,Official,,2007,Antarctica,CM1/2,2.5 g,101,34(1)   ANSMET
Yamato 980083,Y-980083,Official,,1998,Antarctica,CM,2.45 g,107,J26   NIPR
Grosvenor Mountains 95645 **,GRO 95645,Official,,1995,Antarctica,CM1,2.42 g,82,21(1)   ANSMET
Meteorite Hills 00435 **,MET 00435,Official,,2000,Antarctica,CM2,2.4 g,86,24(2)   ANSMET
Miller Range 05137 **,MIL 05137,Official,,2005,Antarctica,CM1,2.4 g,92,29(2)   ANSMET
Queen Alexandra Range 97676 **,QUE 97676,Official,,1997,Antarctica,CM2,2.4 g,84,23(1)   ANSMET
Yamato 982555,Y-982555,Official,,1998,Antarctica,CM2,2.38 g,110,J28   NIPR
Yamato 980535,Y-980535,Official,,1998,Antarctica,CM2,2.38 g,109,J27   NIPR
Miller Range 15409 **,MIL 15409,Official,,2015,Antarctica,CM2,2.38 g,108,42(2)   ANSMET
Yamato 982588,Y-982588,Official,,1998,Antarctica,CM2,2.35 g,110,J28   NIPR
Yamato 981279,Y-981279,Official,,1998,Antarctica,CM2,2.35 g,110,J28   NIPR
Elephant Moraine 96014 **,EET 96014,Official,,1996,Antarctica,CM2,2.34 g,82,21(1)   ANSMET
Yamato 980199,Y-980199,Official,,1998,Antarctica,CM,2.31 g,107,J26   NIPR
Miller Range 13324 **,MIL 13324,Official,,2013,Antarctica,CM2,2.3 g,106,40(1)   ANSMET
Meteorite Hills 00635 **,MET 00635,Official,,2000,Antarctica,CM2,2.27 g,93,26(1)   ANSMET
Asuka 12169,A 12169,Official,,2012,Antarctica,CM,2.26 g,105,J25   NIPR-RBINS
Yamato 982596,Y-982596,Official,,1998,Antarctica,CM2,2.2 g,110,J28   NIPR
Northwest Africa 11841 **,NWA 11841,Official,,2018,(Northwest Africa),CM2,2.2 g,107,
Grove Mountains 020017 **,GRV 020017,Official,,2002,Antarctica,CM2,2.2 g,89,  CARE
Elephant Moraine 96013 **,EET 96013,Official,,1996,Antarctica,CM2,2.13 g,82,21(1)   ANSMET
MacKay Glacier 14014 **,MCY 14014,Official,,2015,Antarctica,CM2,2.1 g,108,  PNRA
MacKay Glacier 14004 **,MCY 14004,Official,,2015,Antarctica,CM2,2.1 g,108,  PNRA
Elephant Moraine 96226 **,EET 96226,Official,,1996,Antarctica,CM2,2.1 g,83,21(2)   ANSMET
Miller Range 07460 **,MIL 07460,Official,,2007,Antarctica,CM1,2.1 g,101,34(1)   ANSMET
Miller Range 090487 **,MIL 090487,Official,,2009,Antarctica,CM1/2,2.1 g,100,34(2)   ANSMET
Lewis Cliff 86004 **,LEW 86004,Official,,1986,Antarctica,CM2,2.1 g,76,10(2)   ANSMET
Lewis Cliff 87003 **,LEW 87003,Official,,1987,Antarctica,CM2,2.1 g,76,11(2)   ANSMET
Yamato 980363,Y-980363,Official,,1998,Antarctica,CM,2.09 g,107,J26   NIPR
Yamato 980496,Y-980496,Official,,1998,Antarctica,CM2,2.07 g,110,J28   NIPR
Yamato 980507,Y-980507,Official,,1998,Antarctica,CM2,2.04 g,110,J28   NIPR
MacKay Glacier 05242 **,MCY 05242,Official,,2005,Antarctica,CM2,2 g,92,29(2)   ANSMET
LaPaz Icefield 04527 **,LAP 04527,Official,,2004,Antarctica,CM2,2 g,94,30(2)   ANSMET
Miller Range 090993 **,MIL 090993,Official,,2009,Antarctica,CM1/2,2 g,100,35(1)   ANSMET
Miller Range 090700 **,MIL 090700,Official,,2009,Antarctica,CM2,2 g,100,35(1)   ANSMET
Miller Range 13169 **,MIL 13169,Official,,2013,Antarctica,CM2,2 g,106,40(1)   ANSMET
LaPaz Icefield 02422 **,LAP 02422,Official,,2002,Antarctica,CM1,1.99 g,89,27(3)   ANSMET
Yamato 982619,Y-982619,Official,,1998,Antarctica,CM2,1.97 g,110,J28   NIPR
Miller Range 15303 **,MIL 15303,Official,,2015,Antarctica,CM2,1.96 g,108,42(2)   ANSMET
Yamato 982617,Y-982617,Official,,1998,Antarctica,CM2,1.92 g,110,J28   NIPR
Yamato 980511,Y-980511,Official,,1998,Antarctica,CM2,1.88 g,110,J28   NIPR
Yamato 794082,Y-794082,Official,,1979,Antarctica,CM2,1.88 g,,  NIPR
Yamato 980495,Y-980495,Official,,1998,Antarctica,CM2,1.87 g,110,J28   NIPR
Northwest Africa 11839 **,NWA 11839,Official,,2017,(Northwest Africa),CM2,1.84 g,107,
Yamato 981270,Y-981270,Official,,1998,Antarctica,CM2,1.8 g,109,J27   NIPR
Northwest Africa 11840 **,NWA 11840,Official,,2018,(Northwest Africa),CM2,1.8 g,107,
Northwest Africa 11461 **,NWA 11461,Official,,2017,(Northwest Africa),CM2,1.8 g,106,
LaPaz Icefield 031079 **,LAP 031079,Official,,2003,Antarctica,CM1,1.8 g,92,29(2)   ANSMET
Miller Range 07672 **,MIL 07672,Official,,2007,Antarctica,CM2,1.8 g,98,33(1)   ANSMET
Miller Range 13321 **,MIL 13321,Official,,2013,Antarctica,CM2,1.8 g,106,40(1)   ANSMET
Miller Range 13326 **,MIL 13326,Official,,2013,Antarctica,CM2,1.8 g,106,40(1)   ANSMET
Queen Alexandra Range 97958 **,QUE 97958,Official,,1997,Antarctica,CM2,1.8 g,85,23(2)   ANSMET
Asuka 10111,A 10111,Official,,2010,Antarctica,CM2,1.76 g,103,J23   NIPR-RBINS
Yamato 001710,Y-001710,Official,,2000,Antarctica,CM,1.73 g,105,J25   NIPR
Yamato 980243,Y-980243,Official,,1998,Antarctica,CM,1.73 g,107,J26   NIPR
Larkman Nunatak 04319 **,LAR 04319,Official,,2003,Antarctica,CM2,1.7 g,91,28(2)   ANSMET
LaPaz Icefield 04824 **,LAP 04824,Official,,2004,Antarctica,CM1,1.7 g,94,30(2)   ANSMET
Elephant Moraine 16127 **,EET 16127,Official,,2016,Antarctica,CM2,1.7 g,106,40(2)   ANSMET
Elephant Moraine 15117 **,EET 15117,Official,,2015,"Antarctica, Antarctica",CM2,1.7 g,113,  KOREAMET
Queen Alexandra Range 99342 **,QUE 99342,Official,,1999,Antarctica,CM2,1.7 g,86,25(1)   ANSMET
Miller Range 05086 **,MIL 05086,Official,,2005,Antarctica,CM2,1.7 g,92,30(1)   ANSMET
Lewis Cliff 85307 **,LEW 85307,Official,,1985,Antarctica,CM2-an,1.7 g,76,10(1)   ANSMET
Lewis Cliff 88003 **,LEW 88003,Official,,1988,Antarctica,CM2,1.7 g,76,13(2)   ANSMET
Yamato 980636,Y-980636,Official,,1998,Antarctica,CM2,1.69 g,110,J28   NIPR
Yamato 86703,Y-86703,Official,,1986,Antarctica,CM2,1.69 g,,  NIPR
Yamato 86716,Y-86716,Official,,1986,Antarctica,CM2,1.61 g,,  NIPR
Yamato 75003,Y-75003,Official,,1975,Antarctica,CM2,1.61 g,,  NIPR
Meteorite Hills 001087 **,MET 001087,Official,,2000,Antarctica,CM2,1.6 g,87,26(1)   ANSMET
Lewis Cliff 86007 **,LEW 86007,Official,,1986,Antarctica,CM2,1.6 g,76,10(2)   ANSMET
Yamato 982597,Y-982597,Official,,1998,Antarctica,CM2,1.57 g,110,J28   NIPR
Yamato 982618,Y-982618,Official,,1998,Antarctica,CM2,1.56 g,110,J28   NIPR
Yamato 981947,Y-981947,Official,,1998,Antarctica,CM2,1.56 g,110,J28   NIPR
Elephant Moraine 92103 **,EET 92103,Official,,1992,Antarctica,CM2,1.5 g,79,17(3)   ANSMET
Elephant Moraine 92008 **,EET 92008,Official,,1992,Antarctica,CM2,1.5 g,79,17(1)   ANSMET
Allan Hills 84046 **,ALH 84046,Official,,1984,Antarctica,CM2,1.5 g,76,9(2)   ANSMET
Yamato 86704,Y-86704,Official,,1986,Antarctica,CM2,1.49 g,,  NIPR
Yamato 794019,Y-794019,Official,,1979,Antarctica,CM2,1.47 g,,  NIPR
Grove Mountains 021536 **,GRV 021536,Official,,2003,Antarctica,CM2,1.45 g,93,  CARE
Reckling Peak 17085 **,RKP 17085,Official,,2018,Antarctica,CM2,1.4 g,110,  PNRA
Miller Range 090986 **,MIL 090986,Official,,2009,Antarctica,CM1/2,1.4 g,100,35(1)   ANSMET
Lewis Cliff 87167 **,LEW 87167,Official,,1987,Antarctica,CM2,1.4 g,76,11(2)   ANSMET
Lewis Cliff 87008 **,LEW 87008,Official,,1987,Antarctica,CM2,1.4 g,76,11(2)   ANSMET
Yamato 982593,Y-982593,Official,,1998,Antarctica,CM2,1.39 g,110,J28   NIPR
Queen Alexandra Range 99752 **,QUE 99752,Official,,1999,Antarctica,CM2,1.38 g,93,26(1)   ANSMET
Yamato 980071,Y-980071,Official,,1998,Antarctica,CM2,1.36 g,,J16   NIPR
Yamato 790033,Y-790033,Official,,1979,Antarctica,CM2,1.36 g,,  NIPR
Elephant Moraine 96005 **,EET 96005,Official,,1996,Antarctica,CM2,1.36 g,82,21(1)   ANSMET
Yamato 980089,Y-980089,Official,,1998,Antarctica,CM,1.34 g,107,J26   NIPR
Miller Range 15479 **,MIL 15479,Official,,2015,Antarctica,CM2,1.32 g,108,42(2)   ANSMET
Miller Range 15301 **,MIL 15301,Official,,2015,Antarctica,CM2,1.32 g,108,42(2)   ANSMET
Yamato 001976,Y-001976,Official,,2000,Antarctica,CM,1.31 g,105,J25   NIPR
Roberts Massif 04309 **,RBT 04309,Official,,2004,Antarctica,CM2,1.3 g,92,29(2)   ANSMET
MacKay Glacier 14001 **,MCY 14001,Official,,2015,Antarctica,CM2,1.3 g,108,  PNRA
MacKay Glacier 05245 **,MCY 05245,Official,,2005,Antarctica,CM2,1.3 g,92,29(2)   ANSMET
Graves Nunataks 06158 **,GRA 06158,Official,,2006,Antarctica,CM2,1.3 g,94,31(1)   ANSMET
Allan Hills 84041 **,ALH 84041,Official,,1984,Antarctica,CM2,1.3 g,76,9(2)   ANSMET
Queen Alexandra Range 93018 **,QUE 93018,Official,,1993,Antarctica,CM2,1.3 g,79,18(2)   ANSMET
Yamato 982545,Y-982545,Official,,1998,Antarctica,CM2,1.28 g,110,J28   NIPR
Yamato 981261,Y-981261,Official,,1998,Antarctica,CM2,1.27 g,109,J27   NIPR
Yamato 81010,Y-81010,Official,,1981,Antarctica,CM2,1.27 g,,  NIPR
MacAlpine Hills 02658 **,MAC 02658,Official,,2002,Antarctica,CM2,1.27 g,89,27(3)   ANSMET
Yamato 982595,Y-982595,Official,,1998,Antarctica,CM2,1.25 g,110,J28   NIPR
Yamato 980092,Y-980092,Official,,1998,Antarctica,CM2,1.22 g,,J16   NIPR
Elephant Moraine 16128 **,EET 16128,Official,,2016,Antarctica,CM2,1.2 g,106,40(2)   ANSMET
Elephant Moraine 90986 **,EET 90986,Official,,1990,Antarctica,CM2,1.2 g,79,17(3)   ANSMET
Elephant Moraine 90047 **,EET 90047,Official,,1990,Antarctica,CM1/2,1.2 g,76,15(1)   ANSMET
Miller Range 07677 **,MIL 07677,Official,,2007,Antarctica,CM1/2,1.2 g,98,32(2)   ANSMET
Miller Range 13269 **,MIL 13269,Official,,2013,Antarctica,CM2,1.2 g,106,40(1)   ANSMET
Lewis Cliff 87028 **,LEW 87028,Official,,1987,Antarctica,CM2,1.2 g,76,11(2)   ANSMET
Yamato 980501,Y-980501,Official,,1998,Antarctica,CM2,1.12 g,110,J28   NIPR
Yamato 982544,Y-982544,Official,,1998,Antarctica,CM2,1.11 g,110,J28   NIPR
Yamato 982594,Y-982594,Official,,1998,Antarctica,CM2,1.1 g,110,J28   NIPR
LaPaz Icefield 04760 **,LAP 04760,Official,,2004,Antarctica,CM2,1.1 g,94,30(2)   ANSMET
Miller Range 13325 **,MIL 13325,Official,,2013,Antarctica,CM1,1.1 g,106,40(1)   ANSMET
Miller Range 15188 **,MIL 15188,Official,,2015,Antarctica,CM2,1.1 g,106,40(2)   ANSMET
Yamato 980499,Y-980499,Official,,1998,Antarctica,CM2,1.08 g,110,J28   NIPR
Miller Range 15410 **,MIL 15410,Official,,2015,Antarctica,CM2,1.08 g,108,42(2)   ANSMET
Yamato 982589,Y-982589,Official,,1998,Antarctica,CM2,1.07 g,110,J28   NIPR
Yamato 982598,Y-982598,Official,,1998,Antarctica,CM2,1.05 g,110,J28   NIPR
Miller Range 15302 **,MIL 15302,Official,,2015,Antarctica,CM2,1.04 g,108,42(2)   ANSMET
Yamato 980510,Y-980510,Official,,1998,Antarctica,CM2,1.03 g,110,J28   NIPR
Yamato 980151,Y-980151,Official,,1998,Antarctica,CM,1 g,107,J26   NIPR
Elephant Moraine 92010 **,EET 92010,Official,,1992,Antarctica,CM2,1 g,79,17(1)   ANSMET
Allan Hills 82131 **,ALH 82131,Official,,1982,Antarctica,CM2,1 g,76,7(2)   ANSMET
Miller Range 090489 **,MIL 090489,Official,,2009,Antarctica,CM1/2,1 g,101,34(1)   ANSMET
Miller Range 13043 **,MIL 13043,Official,,2013,Antarctica,CM2,1 g,105,39(2)   ANSMET
Yamato 980090,Y-980090,Official,,1998,Antarctica,CM2,0.97 g,,J16   NIPR
Yamato 86687,Y-86687,Official,,1986,Antarctica,CM2,0.97 g,,  NIPR
Yamato 980602,Y-980602,Official,,1998,Antarctica,CM2,0.96 g,110,J28   NIPR
Yamato 980367,Y-980367,Official,,1998,Antarctica,CM2,0.93 g,110,J28   NIPR
Miller Range 13316 **,MIL 13316,Official,,2013,Antarctica,CM2,0.93 g,106,40(1)   ANSMET
Miller Range 05119 **,MIL 05119,Official,,2005,Antarctica,CM2,0.9 g,92,29(2)   ANSMET
Miller Range 090440 **,MIL 090440,Official,,2009,Antarctica,CM1/2,0.9 g,100,34(2)   ANSMET
Lewis Cliff 87025 **,LEW 87025,Official,,1987,Antarctica,CM2,0.9 g,76,11(2)   ANSMET
Lewis Cliff 87271 **,LEW 87271,Official,,1987,Antarctica,CM2,0.9 g,76,11(2)   ANSMET
Queen Alexandra Range 97003 **,QUE 97003,Official,,1997,Antarctica,CM2,0.9 g,83,21(2)   ANSMET
Yamato 980098,Y-980098,Official,,1998,Antarctica,CM2,0.88 g,,J16   NIPR
Yamato 980494,Y-980494,Official,,1998,Antarctica,CM2,0.87 g,110,J28   NIPR
Miller Range 15300 **,MIL 15300,Official,,2015,Antarctica,CM2,0.83 g,108,42(2)   ANSMET
Asuka 10139,A 10139,Official,,2010,Antarctica,CM,0.83 g,107,J26   NIPR-RBINS
Yamato 001910,Y-001910,Official,,2000,Antarctica,CM,0.8 g,105,J25   NIPR
MacKay Glacier 05234 **,MCY 05234,Official,,2005,Antarctica,CM1/2,0.8 g,92,29(2)   ANSMET
LaPaz Icefield 031252 **,LAP 031252,Official,,2003,Antarctica,CM1,0.8 g,92,29(2)   ANSMET
Miller Range 090984 **,MIL 090984,Official,,2009,Antarctica,CM1,0.8 g,100,35(1)   ANSMET
Lewis Cliff 87027 **,LEW 87027,Official,,1987,Antarctica,CM2,0.8 g,76,11(2)   ANSMET
Grove Mountains 050384 **,GRV 050384,Official,,2006,Antarctica,CM2,0.76 g,95,  CARE
Yamato 980583,Y-980583,Official,,1998,Antarctica,CM2,0.74 g,110,J28   NIPR
Yamato 003070,Y-003070,Official,,2000,Antarctica,CM2,0.73 g,110,J28   NIPR
Queen Alexandra Range 97005 **,QUE 97005,Official,,1997,Antarctica,CM2,0.72 g,83,21(2)   ANSMET
Thiel Mountains 07008 **,TIL 07008,Official,,2007,Antarctica,CM2,0.7 g,105,  KOREAMET
MacKay Glacier 92502 **,MCY 92502,Official,,1992,Antarctica,CM2,0.7 g,79,17(1)   ANSMET
Elephant Moraine 16171 **,EET 16171,Official,,2016,Antarctica,CM2,0.7 g,106,40(2)   ANSMET
Elephant Moraine 16129 **,EET 16129,Official,,2016,Antarctica,CM1/2,0.7 g,106,40(2)   ANSMET
Allan Hills A81312,ALHA81312,Official,,1981,Antarctica,CM2,0.7 g,76,7(1)   ANSMET
Yamato 86688,Y-86688,Official,,1986,Antarctica,CM2,0.66 g,,  NIPR
Yamato 86034,Y-86034,Official,,1986,Antarctica,CM2,0.65 g,,  NIPR
LaPaz Icefield 04771 **,LAP 04771,Official,,2004,Antarctica,CM2,0.6 g,92,30(1)   ANSMET
LaPaz Icefield 031195 **,LAP 031195,Official,,2003,Antarctica,CM2,0.6 g,92,29(2)   ANSMET
Elephant Moraine 92007 **,EET 92007,Official,,1992,Antarctica,CM2,0.6 g,79,17(1)   ANSMET
Allan Hills 90407 **,ALH 90407,Official,,1990,Antarctica,CM2,0.6 g,76,15(1)   ANSMET
Queen Alexandra Range 99113 **,QUE 99113,Official,,1999,Antarctica,CM2,0.58 g,86,24(2)   ANSMET
Miller Range 15419 **,MIL 15419,Official,,2015,Antarctica,CM2,0.56 g,108,42(2)   ANSMET
Yamato 980366,Y-980366,Official,,1998,Antarctica,CM2,0.52 g,110,J28   NIPR
Elephant Moraine 16050 **,EET 16050,Official,,2016,Antarctica,CM2,0.5 g,106,40(2)   ANSMET
Elephant Moraine 15011 **,EET 15011,Official,,2015,"Antarctica, Antarctica",CM2,0.5 g,113,  KOREAMET
MacAlpine Hills 041219 **,MAC 041219,Official,,2004,Antarctica,CM2,0.5 g,92,29(2)   ANSMET
Miller Range 13137 **,MIL 13137,Official,,2013,Antarctica,CM2,0.5 g,106,40(1)   ANSMET
Yamato 980518,Y-980518,Official,,1998,Antarctica,CM2,0.49 g,110,J28   NIPR
Grove Mountains 021580,GRV 021580,Official,,2003,Antarctica,CM2,0.48 g,96,  CARE
Yamato 002705,Y-002705,Official,,2000,Antarctica,CM,0.42 g,105,J25   NIPR
Grove Mountains 020005 **,GRV 020005,Official,,2002,Antarctica,CM2,0.4 g,89,  CARE
MacAlpine Hills 02869 **,MAC 02869,Official,,2002,Antarctica,CM1,0.36 g,89,28(1)   ANSMET
Elephant Moraine 14013 **,EET 14013,Official,,2014,Antarctica,CM2,0.3 g,107,  KOREAMET
MacAlpine Hills 02779 **,MAC 02779,Official,,2002,Antarctica,CM2,0.3 g,89,28(1)   ANSMET
MacAlpine Hills 02552 **,MAC 02552,Official,,2002,Antarctica,CM2,0.3 g,88,27(1)   ANSMET
Wisconsin Range 91608 **,WIS 91608,Official,,1991,Antarctica,CM2,0.28 g,76,16(1)   ANSMET
Yamato 980548,Y-980548,Official,,1998,Antarctica,CM2,0.26 g,110,J28   NIPR
MacAlpine Hills 02820 **,MAC 02820,Official,,2002,Antarctica,CM1/2,0.21 g,89,28(1)   ANSMET
Elephant Moraine 92009 **,EET 92009,Official,,1992,Antarctica,CM2,0.2 g,79,17(1)   ANSMET
Miller Range 13063 **,MIL 13063,Official,,2013,Antarctica,CM1,0.2 g,106,40(1)   ANSMET
Miller Range 13037 **,MIL 13037,Official,,2013,Antarctica,CM1,0.2 g,106,40(1)   ANSMET
MacAlpine Hills 02854 **,MAC 02854,Official,,2002,Antarctica,CM2,0.14 g,89,28(1)   ANSMET
Miller Range 13065 **,MIL 13065,Official,,2013,Antarctica,CM2,0.1 g,106,40(1)   ANSMET
Miller Range 13233 **,MIL 13233,Official,,2013,Antarctica,CM2,0.1 g,106,40(1)   ANSMET
Outer Recovery Icefields 18017 **,OUT 18017,Official,,2019,Antarctica,CM2,0.090 g,113,  LostMets-UK